"ToolId","Status","VerificationCampaign","SourceArtifact"
"SM01","PASS","2026-09-26","Reports/100-Tool-Functional-Verification.csv"
"SM02","PASS","2026-09-26","Reports/100-Tool-Functional-Verification.csv"
"SM03","PASS","2026-09-26","Reports/100-Tool-Functional-Verification.csv"
"SM04","PASS","2026-09-26","Reports/100-Tool-Functional-Verification.csv"
"SM05","PASS","2026-09-26","Reports/100-Tool-Functional-Verification.csv"
"SM06","PASS","2026-09-26","Reports/100-Tool-Functional-Verification.csv"
"SM07","PASS","2026-09-26","Reports/100-Tool-Functional-Verification.csv"
"SM08","PASS","2026-09-26","Reports/100-Tool-Functional-Verification.csv"
"SM09","PASS","2026-09-26","Reports/100-Tool-Functional-Verification.csv"
"SM10","PASS","2026-09-26","Reports/100-Tool-Functional-Verification.csv"
"SC01","PASS","2026-09-26","Reports/100-Tool-Functional-Verification.csv"
"SC02","PASS","2026-09-26","Reports/100-Tool-Functional-Verification.csv"
"SC03","UNVERIFIED","2026-09-26","Reports/100-Tool-Functional-Verification.csv"
"SC04","PASS","2026-09-26","Reports/100-Tool-Functional-Verification.csv"
"SC05","PASS","2026-09-26","Reports/100-Tool-Functional-Verification.csv"
"SC06","PASS","2026-09-26","Reports/100-Tool-Functional-Verification.csv"
"SC07","PASS","2026-09-26","Reports/100-Tool-Functional-Verification.csv"
"SC08","PASS","2026-09-26","Reports/100-Tool-Functional-Verification.csv"
"SC09","PASS","2026-09-26","Reports/100-Tool-Functional-Verification.csv"
"SC10","PASS","2026-09-26","Reports/100-Tool-Functional-Verification.csv"
"SC11","UNVERIFIED","2026-09-26","Reports/100-Tool-Functional-Verification.csv"
"NI01","PASS","2026-09-26","Reports/100-Tool-Functional-Verification.csv"
"NI02","PASS","2026-09-26","Reports/100-Tool-Functional-Verification.csv"
"NI03","PASS","2026-09-26","Reports/100-Tool-Functional-Verification.csv"
"NI04","PASS","2026-09-26","Reports/100-Tool-Functional-Verification.csv"
"NI05","PASS","2026-09-26","Reports/100-Tool-Functional-Verification.csv"
"NI06","PASS","2026-09-26","Reports/100-Tool-Functional-Verification.csv"
"NI07","PASS","2026-09-26","Reports/100-Tool-Functional-Verification.csv"
"NI08","PASS","2026-09-26","Reports/100-Tool-Functional-Verification.csv"
"NI09","PASS","2026-09-26","Reports/100-Tool-Functional-Verification.csv"
"NI10","PASS","2026-09-26","Reports/100-Tool-Functional-Verification.csv"
"NI11","PASS","2026-09-26","Reports/100-Tool-Functional-Verification.csv"
"PA01","PASS","2026-09-26","Reports/100-Tool-Functional-Verification.csv"
"PA02","PASS","2026-09-26","Reports/100-Tool-Functional-Verification.csv"
"PA03","UNVERIFIED","2026-09-26","Reports/100-Tool-Functional-Verification.csv"
"PA04","PASS","2026-09-26","Reports/100-Tool-Functional-Verification.csv"
"PA05","PASS","2026-09-26","Reports/100-Tool-Functional-Verification.csv"
"PA06","PASS","2026-09-26","Reports/100-Tool-Functional-Verification.csv"
"PA07","PASS","2026-09-26","Reports/100-Tool-Functional-Verification.csv"
"PA08","PASS","2026-09-26","Reports/100-Tool-Functional-Verification.csv"
"PA09","PASS","2026-09-26","Reports/100-Tool-Functional-Verification.csv"
"PA10","PASS","2026-09-26","Reports/100-Tool-Functional-Verification.csv"
"DF01","UNVERIFIED","2026-09-26","Reports/100-Tool-Functional-Verification.csv"
"DF02","UNVERIFIED","2026-09-26","Reports/100-Tool-Functional-Verification.csv"
"DF03","PASS","2026-09-26","Reports/100-Tool-Functional-Verification.csv"
"DF04","UNVERIFIED","2026-09-26","Reports/100-Tool-Functional-Verification.csv"
"DF05","PASS","2026-09-26","Reports/100-Tool-Functional-Verification.csv"
"DF06","UNVERIFIED","2026-09-26","Reports/100-Tool-Functional-Verification.csv"
"DF07","UNVERIFIED","2026-09-26","Reports/100-Tool-Functional-Verification.csv"
"DF08","UNVERIFIED","2026-09-26","Reports/100-Tool-Functional-Verification.csv"
"DF09","UNVERIFIED","2026-09-26","Reports/100-Tool-Functional-Verification.csv"
"DF10","UNVERIFIED","2026-09-26","Reports/100-Tool-Functional-Verification.csv"
"DF11","PASS","2026-09-26","Reports/100-Tool-Functional-Verification.csv"
"DS01","PASS","2026-09-26","Reports/100-Tool-Functional-Verification.csv"
"DS02","UNVERIFIED","2026-09-26","Reports/100-Tool-Functional-Verification.csv"
"DS03","UNVERIFIED","2026-09-26","Reports/100-Tool-Functional-Verification.csv"
"DS04","PASS","2026-09-26","Reports/100-Tool-Functional-Verification.csv"
"DS05","PASS","2026-09-26","Reports/100-Tool-Functional-Verification.csv"
"DS06","PASS","2026-09-26","Reports/100-Tool-Functional-Verification.csv"
"DS07","PASS","2026-09-26","Reports/100-Tool-Functional-Verification.csv"
"DS08","PASS","2026-09-26","Reports/100-Tool-Functional-Verification.csv"
"DS09","PASS","2026-09-26","Reports/100-Tool-Functional-Verification.csv"
"DS10","PASS","2026-09-26","Reports/100-Tool-Functional-Verification.csv"
"SP01","PASS","2026-09-26","Reports/100-Tool-Functional-Verification.csv"
"SP02","PASS","2026-09-26","Reports/100-Tool-Functional-Verification.csv"
"SP03","PASS","2026-09-26","Reports/100-Tool-Functional-Verification.csv"
"SP04","PASS","2026-09-26","Reports/100-Tool-Functional-Verification.csv"
"SP05","PASS","2026-09-26","Reports/100-Tool-Functional-Verification.csv"
"SP06","PASS","2026-09-26","Reports/100-Tool-Functional-Verification.csv"
"SP07","PASS","2026-09-26","Reports/100-Tool-Functional-Verification.csv"
"SP08","PASS","2026-09-26","Reports/100-Tool-Functional-Verification.csv"
"SP09","PASS","2026-09-26","Reports/100-Tool-Functional-Verification.csv"
"SP10","PASS","2026-09-26","Reports/100-Tool-Functional-Verification.csv"
"SP11","PASS","2026-09-26","Reports/100-Tool-Functional-Verification.csv"
"PF01","PASS","2026-09-26","Reports/100-Tool-Functional-Verification.csv"
"PF02","PASS","2026-09-26","Reports/100-Tool-Functional-Verification.csv"
"PF03","PASS","2026-09-26","Reports/100-Tool-Functional-Verification.csv"
"PF04","PASS","2026-09-26","Reports/100-Tool-Functional-Verification.csv"
"PF05","PASS","2026-09-26","Reports/100-Tool-Functional-Verification.csv"
"PF06","PASS","2026-09-26","Reports/100-Tool-Functional-Verification.csv"
"PF07","PASS","2026-09-26","Reports/100-Tool-Functional-Verification.csv"
"PF08","PASS","2026-09-26","Reports/100-Tool-Functional-Verification.csv"
"PF09","PASS","2026-09-26","Reports/100-Tool-Functional-Verification.csv"
"PF10","PASS","2026-09-26","Reports/100-Tool-Functional-Verification.csv"
"PF11","UNVERIFIED","2026-09-26","Reports/100-Tool-Functional-Verification.csv"
"PF12","PASS","2026-09-26","Reports/100-Tool-Functional-Verification.csv"
"SE01","PASS","2026-09-26","Reports/100-Tool-Functional-Verification.csv"
"SE02","PASS","2026-09-26","Reports/100-Tool-Functional-Verification.csv"
"SE03","PASS","2026-09-26","Reports/100-Tool-Functional-Verification.csv"
"SE04","PASS","2026-09-26","Reports/100-Tool-Functional-Verification.csv"
"SE05","PASS","2026-09-26","Reports/100-Tool-Functional-Verification.csv"
"SE06","PASS","2026-09-26","Reports/100-Tool-Functional-Verification.csv"
"SE07","PASS","2026-09-26","Reports/100-Tool-Functional-Verification.csv"
"SE08","PASS","2026-09-26","Reports/100-Tool-Functional-Verification.csv"
"SE09","PASS","2026-09-26","Reports/100-Tool-Functional-Verification.csv"
"SE10","PASS","2026-09-26","Reports/100-Tool-Functional-Verification.csv"
"DR01","PASS","2026-09-26","Reports/100-Tool-Functional-Verification.csv"
"DR02","PASS","2026-09-26","Reports/100-Tool-Functional-Verification.csv"
"DR03","PASS","2026-09-26","Reports/100-Tool-Functional-Verification.csv"
"DR04","PASS","2026-09-26","Reports/100-Tool-Functional-Verification.csv"
"DR05","PASS","2026-09-26","Reports/100-Tool-Functional-Verification.csv"
"DR06","PASS","2026-09-26","Reports/100-Tool-Functional-Verification.csv"
"DR07","PASS","2026-09-26","Reports/100-Tool-Functional-Verification.csv"
"DR08","PASS","2026-09-26","Reports/100-Tool-Functional-Verification.csv"
"DR09","PASS","2026-09-26","Reports/100-Tool-Functional-Verification.csv"
"DR10","PASS","2026-09-26","Reports/100-Tool-Functional-Verification.csv"
"DR11","PASS","2026-09-26","Reports/100-Tool-Functional-Verification.csv"
"BR01","PASS","2026-09-26","Reports/100-Tool-Functional-Verification.csv"
"BR02","PASS","2026-09-26","Reports/100-Tool-Functional-Verification.csv"
"BR03","PASS","2026-09-26","Reports/100-Tool-Functional-Verification.csv"
"BR04","PASS","2026-09-26","Reports/100-Tool-Functional-Verification.csv"
"BR05","PASS","2026-09-26","Reports/100-Tool-Functional-Verification.csv"
"DT01","PASS","2026-09-26","Reports/100-Tool-Functional-Verification.csv"
"DT02","PASS","2026-09-26","Reports/100-Tool-Functional-Verification.csv"
"DT03","PASS","2026-09-26","Reports/100-Tool-Functional-Verification.csv"
"DT04","PASS","2026-09-26","Reports/100-Tool-Functional-Verification.csv"
"DT05","PASS","2026-09-26","Reports/100-Tool-Functional-Verification.csv"
"DT06","PASS","2026-09-26","Reports/100-Tool-Functional-Verification.csv"
"DT07","PASS","2026-09-26","Reports/100-Tool-Functional-Verification.csv"
"DT08","PASS","2026-09-26","Reports/100-Tool-Functional-Verification.csv"
"DT09","PASS","2026-09-26","Reports/100-Tool-Functional-Verification.csv"
"DT10","PASS","2026-09-26","Reports/100-Tool-Functional-Verification.csv"
"DT11","PASS","2026-09-26","Reports/100-Tool-Functional-Verification.csv"
"DT12","PASS","2026-09-26","Reports/100-Tool-Functional-Verification.csv"
"DT13","PASS","2026-09-26","Reports/100-Tool-Functional-Verification.csv"
"PR01","PASS","2026-09-26","Reports/100-Tool-Functional-Verification.csv"
"PR02","PASS","2026-09-26","Reports/100-Tool-Functional-Verification.csv"
"PR03","PASS","2026-09-26","Reports/100-Tool-Functional-Verification.csv"
"PR04","PASS","2026-09-26","Reports/100-Tool-Functional-Verification.csv"
"DV01","PASS","2026-09-26","Reports/100-Tool-Functional-Verification.csv"
"DV02","PASS","2026-09-26","Reports/100-Tool-Functional-Verification.csv"
"DV03","PASS","2026-09-26","Reports/100-Tool-Functional-Verification.csv"
"DV04","PASS","2026-09-26","Reports/100-Tool-Functional-Verification.csv"
"MO01","PASS","2026-09-26","Reports/100-Tool-Functional-Verification.csv"
"MO02","PASS","2026-09-26","Reports/100-Tool-Functional-Verification.csv"
"MO03","PASS","2026-09-26","Reports/100-Tool-Functional-Verification.csv"
"MO04","UNVERIFIED","2026-09-26","Reports/100-Tool-Functional-Verification.csv"
"SW01","PASS","2026-09-26","Reports/100-Tool-Functional-Verification.csv"
"SW02","PASS","2026-09-26","Reports/100-Tool-Functional-Verification.csv"
"SW03","PASS","2026-09-26","Reports/100-Tool-Functional-Verification.csv"
"SW04","PASS","2026-09-26","Reports/100-Tool-Functional-Verification.csv"
"SW05","PASS","2026-09-26","Reports/100-Tool-Functional-Verification.csv"
"SW06","PASS","2026-09-26","Reports/100-Tool-Functional-Verification.csv"
"SW07","PASS","2026-09-26","Reports/100-Tool-Functional-Verification.csv"
"SW08","UNVERIFIED","2026-09-26","Reports/100-Tool-Functional-Verification.csv"
"PI01","UNVERIFIED","2026-09-26","Reports/100-Tool-Functional-Verification.csv"
"PI02","PASS","2026-09-26","Reports/100-Tool-Functional-Verification.csv"
"PI03","UNVERIFIED","2026-09-26","Reports/100-Tool-Functional-Verification.csv"
"PI04","PASS","2026-09-26","Reports/100-Tool-Functional-Verification.csv"
"PI05","PASS","2026-09-26","Reports/100-Tool-Functional-Verification.csv"
"PI06","UNVERIFIED","2026-09-26","Reports/100-Tool-Functional-Verification.csv"
"SN01","PASS","2026-09-26","Reports/100-Tool-Functional-Verification.csv"
"SN02","PASS","2026-09-26","Reports/100-Tool-Functional-Verification.csv"
"SN03","PASS","2026-09-26","Reports/100-Tool-Functional-Verification.csv"
"SN04","PASS","2026-09-26","Reports/100-Tool-Functional-Verification.csv"
"SN05","PASS","2026-09-26","Reports/100-Tool-Functional-Verification.csv"
"SN06","PASS","2026-09-26","Reports/100-Tool-Functional-Verification.csv"
"SN07","PASS","2026-09-26","Reports/100-Tool-Functional-Verification.csv"
